id,Location
1,"G.R.P.AJMER, RAJASTHAN"
2,"RANGA REDDY, Andhra Pradesh"
3,"JAGDALPUR, CHHATTISGARH"
4,"KODERMA, Jharkhand"
5,"MAU, Uttar Pradesh"
6,"BANDA, Uttar Pradesh"
7,"SEONI, Madhya Pradesh"
8,"KOZHIKODE RURAL, Kerala"
9,"BANSWARA, RAJASTHAN"
10,"MUNGER, Bihar"
11,"TRICHY URBAN, TAMIL NADU"
12,"AJMER, Rajasthan"
13,"CHAMPHAI, MIZORAM"
14,"ASHOK NAGAR, MADHYA PRADESH"
15,"GHAZIPUR, UTTAR PRADESH"
16,"NALGONDA, ANDHRA PRADESH"
17,"VIRUDHUNAGAR, Tamil Nadu"
18,"GULBARGA, KARNATAKA"
19,"LOHARDAGGA, JHARKHAND"
20,"CHANDRAPUR, MAHARASHTRA"
21,"BULANDSHAHAR, UTTAR PRADESH"
22,"SALEM RURAL, Tamil Nadu"
23,"LUCKNOW, Uttar Pradesh"
24,"THRISSUR RURAL, Kerala"
25,"CHHINDWARA, MADHYA PRADESH"
26,"JANJGIR, CHHATTISGARH"
27,"TRIVANDRUM, KERALA"
28,"SERCHHIP, MIZORAM"
29,"DIBANG VALLEY, Arunachal Pradesh"
30,"SAHARSA, BIHAR"
31,"BEGUSARAI, BIHAR"
32,"BANSWARA, Rajasthan"
33,"HAZARIBAGH, JHARKHAND"
34,"LUNGLEI, Mizoram"
35,"GURGAON, Haryana"
36,"YAVATMAL, Maharashtra"
37,"KOZHIKODE RURAL, KERALA"
38,"HOWRAH CITY, West Bengal"
39,"SARAN, BIHAR"
40,"KANKER, CHHATTISGARH"
41,"DURG, Chhattisgarh"
42,"SUNDARGARH, ODISHA"
43,"TRIVANDRUM RURAL, Kerala"
44,"GARHWA, JHARKHAND"
45,"K/KUMEY, Arunachal Pradesh"
46,"AHMEDABAD COMMR., Gujarat"
47,"ANANTNAG, JAMMU & KASHMIR"
48,"SUBANSIRI UPPER, Arunachal Pradesh"
49,"BIZAPUR, CHHATTISGARH"
50,"J.P.NAGAR, UTTAR PRADESH"
51,"GWALIOR, Madhya Pradesh"
52,"HANDWARA, Jammu & Kashmir"
53,"STF, Delhi UT"
54,"VIDISHA, MADHYA PRADESH"
55,"THANE RURAL, MAHARASHTRA"
56,"TONK, RAJASTHAN"
57,"KABIRDHAM, Chhattisgarh"
58,"RAIPUR, Chhattisgarh"
59,"W.RLY VADODARA, GUJARAT"
60,"DARBHANGA, BIHAR"
61,"BAREILLY, UTTAR PRADESH"
62,"ALLAHABAD, UTTAR PRADESH"
63,"KANGRA, HIMACHAL PRADESH"
64,"DHENKANAL, Odisha"
65,"MEERUT, Uttar Pradesh"
66,"DINDIGUL, TAMIL NADU"
67,"NAGAUR, RAJASTHAN"
68,"KURUKSHETRA, Haryana"
69,"RATLAM, MADHYA PRADESH"
70,"SHAHDOL, MADHYA PRADESH"
71,"MEDAK, Andhra Pradesh"
72,"VAISHALI, Bihar"
73,"NOWRANGPUR, Odisha"
74,"BAGESHWAR, Uttarakhand"
75,"AHMEDABAD RURAL, GUJARAT"
76,"RAJNANDGAON, CHHATTISGARH"
77,"GARO HILLS NORTH, Meghalaya"
78,"SURENDRANAGAR, GUJARAT"
79,"KHIRI, Uttar Pradesh"
80,"MALKANGIR, Odisha"
81,"DIBRUGARH, ASSAM"
82,"BARNALA, PUNJAB"
83,"ROURKELA, ODISHA"
84,"BEED, Maharashtra"
85,"WEST, Delhi UT"
86,"BURDWAN, WEST BENGAL"
87,"ALMORA, UTTARAKHAND"
88,"THOUBAL, Manipur"
89,"MORIGAON, ASSAM"
90,"GOALPARA, Assam"
91,"AIZAWL, Mizoram"
92,"KHIRI, UTTAR PRADESH"
93,"SOPORE, JAMMU & KASHMIR"
94,"GUMLA, JHARKHAND"
95,"JAJPUR, Odisha"
96,"BAGALKOT, KARNATAKA"
97,"FAZILKA, Punjab"
98,"RAMPUR, Uttar Pradesh"
99,"MAHASAMUND, Chhattisgarh"
100,"SONEPUR, ODISHA"
101,"RAJAHMUNDRY, Andhra Pradesh"
102,"SUPAUL, BIHAR"
103,"MUMBAI RLY., MAHARASHTRA"
104,"BANGALORE COMMR., Karnataka"
105,"GUNTAKAL RLY., ANDHRA PRADESH"
106,"PATIALA, PUNJAB"
107,"KAMRUP, Assam"
108,"BANDIPORA, Jammu & Kashmir"
109,"SANT KABIRNAGAR, UTTAR PRADESH"
110,"G.R.P., Assam"
111,"REWARI, Haryana"
112,"DAKSHIN KANNADA, KARNATAKA"
113,"TAPI, GUJARAT"
114,"KANPUR NAGAR, UTTAR PRADESH"
115,"BUXAR, BIHAR"
116,"MOTIHARI, Bihar"
117,"KARIMGANJ, Assam"
118,"BALASORE, Odisha"
119,"MEDAK, ANDHRA PRADESH"
120,"SAMASTIPUR, BIHAR"
121,"KANNAUJ, Uttar Pradesh"
122,"SHAHJAHANPUR, Uttar Pradesh"
123,"BALAGHAT, Madhya Pradesh"
124,"SIDHARTHNAGAR, Uttar Pradesh"
125,"RANCHI, Jharkhand"
126,"UTTARKASHI, Uttarakhand"
127,"STF, DELHI UT"
128,"BARAMULLA, JAMMU & KASHMIR"
129,"BADDIPOLICEDIST, Himachal Pradesh"
130,"CUTTACK, Odisha"
131,"LAWNGTLAI, MIZORAM"
132,"NANDED, MAHARASHTRA"
133,"MAHENDRAGARH, HARYANA"
134,"UTTAR KANNADA, KARNATAKA"
135,"GARO HILLS WEST, MEGHALAYA"
136,"LONGDING, Arunachal Pradesh"
137,"DHARWAD COMMR., Karnataka"
138,"GOMATI, Tripura"
139,"MUKTSAR, PUNJAB"
140,"KHARAGPUR G.R.P., West Bengal"
141,"NICOBAR, A & N ISLANDS"
142,"BIJAPUR, KARNATAKA"
143,"UKHRUL, Manipur"
144,"HAPUR, Uttar Pradesh"
145,"WOKHA, NAGALAND"
146,"DIU, Daman & Diu"
147,"RAMNATHAPURAM, TAMIL NADU"
148,"DARRANG, Assam"
149,"TUMKUR, Karnataka"
150,"BUDGAM, Jammu & Kashmir"
151,"AMBEDKAR NAGAR, Uttar Pradesh"
152,"KHARAGPUR G.R.P., WEST BENGAL"
153,"GWALIOR, MADHYA PRADESH"
154,"SOLAPUR RURAL, Maharashtra"
155,"PANCHKULA, Haryana"
156,"MADURAI RURAL, TAMIL NADU"
157,"RAMGARH, JHARKHAND"
158,"MEWAT, Haryana"
159,"GARO HILLS EAST, MEGHALAYA"
160,"AMRELI, GUJARAT"
161,"KOLKATA, WEST BENGAL"
162,"GRP, Tripura"
163,"SURAT COMMR., GUJARAT"
164,"HOWRAH G.R.P., WEST BENGAL"
165,"RAILWAYS KATRA, Jammu & Kashmir"
166,"KOLHAPUR, Maharashtra"
167,"BIJNOR, UTTAR PRADESH"
168,"CRIME JAMMU, Jammu & Kashmir"
169,"JEHANABAD, Bihar"
170,"GUNA, Madhya Pradesh"
171,"DIBRUGARH, Assam"
172,"UDHAMSINGH NAGAR, UTTARAKHAND"
173,"N.C.HILLS, Assam"
174,"FARIDABAD, Haryana"
175,"GARO HILLS SOUTH W., Meghalaya"
176,"NANDURBAR, Maharashtra"
177,"SHOPIAN, JAMMU & KASHMIR"
178,"NAGPUR COMMR., Maharashtra"
179,"SHEOPUR, MADHYA PRADESH"
180,"UDUPI, KARNATAKA"
181,"MIDNAPUR, WEST BENGAL"
182,"JAMTARA, JHARKHAND"
183,"KARNAL, HARYANA"
184,"NORTH, SIKKIM"
185,"MUZAFFARPUR, BIHAR"
186,"BHOPAL RLY., Madhya Pradesh"
187,"NEW DELHI, Delhi UT"
188,"BIKANER, RAJASTHAN"
189,"CHHATARPUR, Madhya Pradesh"
190,"EAST, DELHI UT"
191,"SAHEBGANJ, Jharkhand"
192,"NORTH, Sikkim"
193,"BERHAMPUR, ODISHA"
194,"PRATAPGARH, Rajasthan"
195,"KAMRUP, ASSAM"
196,"NORTH EAST, DELHI UT"
197,"CHAMPAWAT, UTTARAKHAND"
198,"CID, MANIPUR"
199,"GURDASPUR, Punjab"
200,"INDORE, Madhya Pradesh"
201,"RAIGAD, Maharashtra"
202,"LUDHIANA RURAL, PUNJAB"
203,"CHENNAI, Tamil Nadu"
204,"VIRUDHUNAGAR, TAMIL NADU"
205,"SENAPATI, Manipur"
206,"CID, Himachal Pradesh"
207,"VIJAYAWADA, ANDHRA PRADESH"
208,"LATUR, MAHARASHTRA"
209,"RAILWAYS JAMMU, Jammu & Kashmir"
210,"SEALDAH G.R.P., West Bengal"
211,"CRIME BRANCH, DELHI UT"
212,"THANE COMMR., MAHARASHTRA"
213,"RAILWAYS, JAMMU & KASHMIR"
214,"KHANDWA, MADHYA PRADESH"
215,"SUBANSIRI LOWER, Arunachal Pradesh"
216,"SIDHARTHNAGAR, UTTAR PRADESH"
217,"BHILWARA, Rajasthan"
218,"BIDAR, Karnataka"
219,"SILIGURI_PC, West Bengal"
220,"MUZAFFARPUR RLY., BIHAR"
221,"RANCHI, JHARKHAND"
222,"BASKA, ASSAM"
223,"KARBI ANGLONG, ASSAM"
224,"KANGRA, Himachal Pradesh"
225,"GULBARGA, Karnataka"
226,"NORTH WEST, DELHI UT"
227,"SHAJAPUR, Madhya Pradesh"
228,"LAKSHADWEEP, LAKSHADWEEP"
229,"PILIBHIT, Uttar Pradesh"
230,"DIBANG VALLEY, ARUNACHAL PRADESH"
231,"SHIVPURI, Madhya Pradesh"
232,"COOCHBEHAR, WEST BENGAL"
233,"LATEHAR, JHARKHAND"
234,"SIANG EAST, ARUNACHAL PRADESH"
235,"POONCH, Jammu & Kashmir"
236,"TONK, Rajasthan"
237,"SAMBALPUR, ODISHA"
238,"GARHWA, Jharkhand"
239,"JASHPUR, Chhattisgarh"
240,"TAMENGLONG, Manipur"
241,"G.R.P., Himachal Pradesh"
242,"CBPURA, Karnataka"
243,"ROHTAK, HARYANA"
244,"DEORIA, UTTAR PRADESH"
245,"NARMADA, Gujarat"
246,"CP LUDHIANA, Punjab"
247,"ANANTAPUR, Andhra Pradesh"
248,"CHICKMAGALUR, KARNATAKA"
249,"NAGAPATTINAM, TAMIL NADU"
250,"PALI, RAJASTHAN"
251,"AHMEDNAGAR, Maharashtra"
252,"RAMBAN, Jammu & Kashmir"
253,"KARUR, TAMIL NADU"
254,"BARAN, Rajasthan"
255,"AHWA-DANG, GUJARAT"
256,"SIANG UPPER, Arunachal Pradesh"
257,"NALBARI, Assam"
258,"PALAMU, JHARKHAND"
259,"SIDHI, Madhya Pradesh"
260,"MORADABAD, Uttar Pradesh"
261,"LAWNGTLAI, Mizoram"
262,"JABALPUR, MADHYA PRADESH"
263,"BAGESHWAR, UTTARAKHAND"
264,"MAHABOOBNAGAR, ANDHRA PRADESH"
265,"RAYAGADA, Odisha"
266,"NUAPADA, Odisha"
267,"BDN CP, WEST BENGAL"
268,"SUBANSIRI LOWER, ARUNACHAL PRADESH"
269,"GOLAGHAT, Assam"
270,"BIDAR, KARNATAKA"
271,"DHUBRI, ASSAM"
272,"SOUTH-EAST, Delhi UT"
273,"G.R.P., UTTAR PRADESH"
274,"NAMAKKAL, TAMIL NADU"
275,"SOUTH, SIKKIM"
276,"BIEO, ASSAM"
277,"CID, HIMACHAL PRADESH"
278,"TARN TARAN, PUNJAB"
279,"UTTARKASHI, UTTARAKHAND"
280,"DHAMTARI, Chhattisgarh"
281,"PORBANDAR, GUJARAT"
282,"MOGA, PUNJAB"
283,"BARWANI, Madhya Pradesh"
284,"FATEHGARH, Uttar Pradesh"
285,"RUDRA PRAYAG, Uttarakhand"
286,"SANGLI, MAHARASHTRA"
287,"DEOGHAR, Jharkhand"
288,"THENI, Tamil Nadu"
289,"NAGPUR RURAL, MAHARASHTRA"
290,"JAMSHEDPUR RLY., JHARKHAND"
291,"DHANBAD, Jharkhand"
292,"NAGPUR RLY., MAHARASHTRA"
293,"HYDERABAD CITY, ANDHRA PRADESH"
294,"LONGLENG, Nagaland"
295,"SIWAN, Bihar"
296,"KHASI HILLS EAST, Meghalaya"
297,"ALIRAJPUR, Madhya Pradesh"
298,"NAWAN SHAHR, PUNJAB"
299,"DUNGARPUR, RAJASTHAN"
300,"JASHPUR, CHHATTISGARH"
301,"PULWAMA, JAMMU & KASHMIR"
302,"MEHSANA, Gujarat"
303,"WEST, Tripura"
304,"BOLANGIR, Odisha"
305,"KORIYA, CHHATTISGARH"
306,"STF, Assam"
307,"RAIGARH, Chhattisgarh"
308,"SONEPUR, Odisha"
309,"VISAKHA RURAL, Andhra Pradesh"
310,"NORTH-EAST, DELHI UT"
311,"SANGRUR, Punjab"
312,"NARMADA, GUJARAT"
313,"BILASPUR, CHHATTISGARH"
314,"MADHUBANI, BIHAR"
315,"HAVERI, Karnataka"
316,"PARBHANI, Maharashtra"
317,"DHARMAPURI, Tamil Nadu"
318,"GADCHIROLI, Maharashtra"
319,"GRP RAIPUR, CHHATTISGARH"
320,"HAMIRPUR, Himachal Pradesh"
321,"FATEHABAD, HARYANA"
322,"BANKA, Bihar"
323,"GONDIA, MAHARASHTRA"
324,"ALWAR, Rajasthan"
325,"UNAKOTI, TRIPURA"
326,"SECUNDERABAD RLY., ANDHRA PRADESH"
327,"CP AMRITSAR, Punjab"
328,"SAGAR, Madhya Pradesh"
329,"NEW DELHI, DELHI UT"
330,"NAUGACHIA, BIHAR"
331,"KONDAGAON, Chhattisgarh"
332,"CHURU, Rajasthan"
333,"SRP(ROURKELA), ODISHA"
334,"KUSHI NAGAR, UTTAR PRADESH"
335,"MADURAI URBAN, Tamil Nadu"
336,"PUDUCHERRY, PUDUCHERRY"
337,"AMBEDKAR NAGAR, UTTAR PRADESH"
338,"AURAIYA, UTTAR PRADESH"
339,"MOGA, Punjab"
340,"DAHOD, GUJARAT"
341,"KOLASIB, MIZORAM"
342,"SAMBALPUR, Odisha"
343,"DHEMAJI, ASSAM"
344,"NORTH, Delhi UT"
345,"LALITPUR, UTTAR PRADESH"
346,"BAHRAICH, UTTAR PRADESH"
347,"CHITRAKOOT DHAM, Uttar Pradesh"
348,"GANGANAGAR, Rajasthan"
349,"MUZAFFARNAGAR, Uttar Pradesh"
350,"BHARATPUR, Rajasthan"
351,"PURI, ODISHA"
352,"NAVI MUMBAI, MAHARASHTRA"
353,"UDALGURI, ASSAM"
354,"A and N ISLANDS, A & N ISLANDS"
355,"BAKSA, ASSAM"
356,"R.P.O., ASSAM"
357,"GONDA, Uttar Pradesh"
358,"PURNEA, BIHAR"
359,"KOTTAYAM, Kerala"
360,"DANTEWARA, Chhattisgarh"
361,"CHITRADURGA, Karnataka"
362,"MOKOKCHUNG, NAGALAND"
363,"NILGIRIS, TAMIL NADU"
364,"NADIA, WEST BENGAL"
365,"JORHAT, Assam"
366,"BARAN, RAJASTHAN"
367,"GUWAHATI CITY, ASSAM"
368,"KOZHIKODE COMMR., Kerala"
369,"ANGUL, Odisha"
370,"KULLU, Himachal Pradesh"
371,"DHEMAJI, Assam"
372,"GORAKHPUR, UTTAR PRADESH"
373,"NAWADAH, BIHAR"
374,"RAICHUR, KARNATAKA"
375,"TRICHY RURAL, TAMIL NADU"
376,"BETUL, Madhya Pradesh"
377,"BKP CP, WEST BENGAL"
378,"BEGUSARAI, Bihar"
379,"ARIYALUR, TAMIL NADU"
380,"MANDLA, MADHYA PRADESH"
381,"RAMANAGAR, KARNATAKA"
382,"KOLLAM COMMR., Kerala"
383,"LOHIT, ARUNACHAL PRADESH"
384,"BALLIA, UTTAR PRADESH"
385,"BULDHANA, Maharashtra"
386,"THRISSUR, KERALA"
387,"BASTI, UTTAR PRADESH"
388,"KANCHIPURAM, Tamil Nadu"
389,"ANJAW, Arunachal Pradesh"
390,"AGAR, Madhya Pradesh"
391,"JIND, HARYANA"
392,"SANGRUR, PUNJAB"
393,"NAGAUR, Rajasthan"
394,"BIJAPUR, Karnataka"
395,"CHENGAI, TAMIL NADU"
396,"DHALAI, TRIPURA"
397,"BALRAMPUR, Uttar Pradesh"
398,"SILIGURI G.R.P., WEST BENGAL"
399,"MANDYA, Karnataka"
400,"BETTIAH, Bihar"
401,"THRISSUR RURAL, KERALA"
402,"24 PARGANAS NORTH, WEST BENGAL"
403,"IMPHAL EAST, Manipur"
404,"PALWAL, Haryana"
405,"ETAH, UTTAR PRADESH"
406,"ASANSOL, West Bengal"
407,"BHAGALPUR, Bihar"
408,"CBPURA, KARNATAKA"
409,"BAHRAICH, Uttar Pradesh"
410,"SHEIKHPURA, BIHAR"
411,"G.R.P., Uttar Pradesh"
412,"BILASPUR, Himachal Pradesh"
413,"WARANGAL URBAN, ANDHRA PRADESH"
414,"G.R.P.JODHPUR, Rajasthan"
415,"CHANDIGARH, CHANDIGARH"
416,"CUDDALORE, TAMIL NADU"
417,"CAR, A & N ISLANDS"
418,"CP AMRITSAR, PUNJAB"
419,"BAGHPAT, Uttar Pradesh"
420,"AMRITSAR RURAL, PUNJAB"
421,"KARIMNAGAR, ANDHRA PRADESH"
422,"SENAPATI, MANIPUR"
423,"DAHOD, Gujarat"
424,"UTTAR DINAJPUR, West Bengal"
425,"SANT KABIRNAGAR, Uttar Pradesh"
426,"SOUTH, A&N Islands"
427,"KOZHIKODE, KERALA"
428,"BIJNOR, Uttar Pradesh"
429,"DAMAN, DAMAN & DIU"
430,"BALOD, Chhattisgarh"
431,"KATHUA, JAMMU & KASHMIR"
432,"JALNA, Maharashtra"
433,"UMARIYA, MADHYA PRADESH"
434,"RAJKOT RURAL, Gujarat"
435,"PERAMBALUR, TAMIL NADU"
436,"SIKAR, Rajasthan"
437,"IMPHAL(EAST), MANIPUR"
438,"MYSORE COMMR., KARNATAKA"
439,"UNNAO, UTTAR PRADESH"
440,"SIANG EAST, Arunachal Pradesh"
441,"BAGALKOT, Karnataka"
442,"KOLLAM RURAL, Kerala"
443,"SUBANSIRI UPPER, ARUNACHAL PRADESH"
444,"JHUNJHUNU, Rajasthan"
445,"GANDHINAGAR, Gujarat"
446,"BAGHPAT, UTTAR PRADESH"
447,"BKP CP, West Bengal"
448,"AURAIYA, Uttar Pradesh"
449,"KHAGARIA, Bihar"
450,"VALSAD, Gujarat"
451,"GUNA, MADHYA PRADESH"
452,"KRISHNA, ANDHRA PRADESH"
453,"DEHRADUN, UTTARAKHAND"
454,"JAMALPUR RLY., Bihar"
455,"KONDAGAON, CHHATTISGARH"
456,"ST.RAVIDASNAGAR, UTTAR PRADESH"
457,"KUPWARA, JAMMU & KASHMIR"
458,"BONGAIGAON, Assam"
459,"AMROHA, Uttar Pradesh"
460,"KANPUR DEHAT, Uttar Pradesh"
461,"MORADABAD, UTTAR PRADESH"
462,"TIRAP, Arunachal Pradesh"
463,"PATNA RLY., BIHAR"
464,"CHENNAISUBURBAN, TAMIL NADU"
465,"RATLAM, Madhya Pradesh"
466,"CHITTORGARH, RAJASTHAN"
467,"JALORE, Rajasthan"
468,"GIRIDIH, JHARKHAND"
469,"CHIRANG, Assam"
470,"VIDISHA, Madhya Pradesh"
471,"JAGATSINGHPUR, ODISHA"
472,"SRP(ROURKELA), Odisha"
473,"SRINAGAR, JAMMU & KASHMIR"
474,"KOLKATA, West Bengal"
475,"D&N HAVELI, D&N Haveli"
476,"JAMNAGAR, Gujarat"
477,"SARAIKELA, Jharkhand"
478,"BHIND, MADHYA PRADESH"
479,"JAIPUR, RAJASTHAN"
480,"TUENSANG, NAGALAND"
481,"W.RLY AHMEDABAD, GUJARAT"
482,"MATHURA, UTTAR PRADESH"
483,"CHAMOLI, Uttarakhand"
484,"LONGLENG, NAGALAND"
485,"SOUTH, Delhi UT"
486,"BUDGAM, JAMMU & KASHMIR"
487,"BALRAMPUR, UTTAR PRADESH"
488,"HYDERABAD CITY, Andhra Pradesh"
489,"BALAGHAT, MADHYA PRADESH"
490,"DCP CTC, Odisha"
491,"MAINPURI, Uttar Pradesh"
492,"ARWAL, Bihar"
493,"CAW, DELHI UT"
494,"KARAULI, Rajasthan"
495,"KUSHI NAGAR, Uttar Pradesh"
496,"FATEHPUR, UTTAR PRADESH"
497,"THANE RURAL, Maharashtra"
498,"BDN CP, West Bengal"
499,"JABALPUR, Madhya Pradesh"
500,"MANDSAUR, MADHYA PRADESH"
501,"DINDORI, Madhya Pradesh"
502,"BONGAIGAON, ASSAM"
503,"LAHAUL-SPITI, Himachal Pradesh"
504,"ST.RAVIDASNAGAR, Uttar Pradesh"
505,"PANNA, Madhya Pradesh"
506,"AMBALA URBAN, Haryana"
507,"PANCHMAHAL, GUJARAT"
508,"BIKANER, Rajasthan"
509,"BURHANPUR, Madhya Pradesh"
510,"OUTER, DELHI UT"
511,"LAHAUL-SPITI, HIMACHAL PRADESH"
512,"HAVERI, KARNATAKA"
513,"GARIYABAND, CHHATTISGARH"
514,"CHAMBA, HIMACHAL PRADESH"
515,"KHANNA, Punjab"
516,"RAMPUR, UTTAR PRADESH"
517,"LOHARDAGGA, Jharkhand"
518,"BHARUCH, GUJARAT"
519,"KANDHAMAL, Odisha"
520,"RATNAGIRI, Maharashtra"
521,"DISCOM, Rajasthan"
522,"CHANGLANG, ARUNACHAL PRADESH"
523,"PALANPUR, GUJARAT"
524,"MUZAFFARNAGAR, UTTAR PRADESH"
525,"GOMATI, TRIPURA"
526,"WASHIM, Maharashtra"
527,"BHARUCH, Gujarat"
528,"ROHTAS, Bihar"
529,"MYSORE RURAL, KARNATAKA"
530,"MALAPPURAM, Kerala"
531,"DHULE, MAHARASHTRA"
532,"RAISEN, MADHYA PRADESH"
533,"JALANDHAR RURAL, PUNJAB"
534,"FATEHGARH, UTTAR PRADESH"
535,"GANJAM, ODISHA"
536,"SAIHA, MIZORAM"
537,"RAJOURI, Jammu & Kashmir"
538,"COIMBATORE RURAL, TAMIL NADU"
539,"RAILWAYS, KERALA"
540,"HISSAR, HARYANA"
541,"MADHEPURA, Bihar"
542,"KISHANGANJ, BIHAR"
543,"PRAKASHAM, Andhra Pradesh"
544,"DHOLPUR, RAJASTHAN"
545,"PANIPAT, HARYANA"
546,"CHAMARAJNAGAR, Karnataka"
547,"BOLANGIR, ODISHA"
548,"SHAMLI, Uttar Pradesh"
549,"DATIYA, Madhya Pradesh"
550,"SAS NGR, PUNJAB"
551,"DAMOH, Madhya Pradesh"
552,"KURUKSHETRA, HARYANA"
553,"JHABUA, MADHYA PRADESH"
554,"TUMKUR, KARNATAKA"
555,"RAIBAREILLY, UTTAR PRADESH"
556,"IDUKKI, Kerala"
557,"NAVSARI, GUJARAT"
558,"SIANG WEST, ARUNACHAL PRADESH"
559,"ZUNHEBOTO, Nagaland"
560,"DCP BBSR, ODISHA"
561,"PRABUDDH NAGAR, UTTAR PRADESH"
562,"PARBHANI, MAHARASHTRA"
563,"KAUSHAMBI, UTTAR PRADESH"
564,"HOWRAH, West Bengal"
565,"KATIHAR, Bihar"
566,"CSM NAGAR, UTTAR PRADESH"
567,"CUDDALORE, Tamil Nadu"
568,"PATAN, GUJARAT"
569,"SHEOPUR, Madhya Pradesh"
570,"BHOPAL, MADHYA PRADESH"
571,"SOPORE, Jammu & Kashmir"
572,"GANJAM, Odisha"
573,"KINNAUR, Himachal Pradesh"
574,"BANGALORE RURAL, KARNATAKA"
575,"DAUSA, RAJASTHAN"
576,"SIDHI, MADHYA PRADESH"
577,"SOLAPUR COMMR., Maharashtra"
578,"DAVANAGERE, Karnataka"
579,"TAWANG, ARUNACHAL PRADESH"
580,"RURAL, ARUNACHAL PRADESH"
581,"SALEM URBAN, Tamil Nadu"
582,"MADURAI URBAN, TAMIL NADU"
583,"UNA, HIMACHAL PRADESH"
584,"DAKSHIN KANNADA, Karnataka"
585,"DHARMAPURI, TAMIL NADU"
586,"CID CRIME, GUJARAT"
587,"SPL CELL, DELHI UT"
588,"FIROZABAD, Uttar Pradesh"
589,"BHOPAL, Madhya Pradesh"
590,"KOTA CITY, RAJASTHAN"
591,"KOTA RURAL, RAJASTHAN"
592,"SHEOHAR, Bihar"
593,"SIKAR, RAJASTHAN"
594,"JAIPUR WEST, Rajasthan"
595,"BARWANI, MADHYA PRADESH"
596,"RAILWAYS KATRA, JAMMU & KASHMIR"
597,"KEONJHAR, ODISHA"
598,"SOUTH, Sikkim"
599,"PAPUM PARE, Arunachal Pradesh"
600,"CHURACHANDPUR, Manipur"
601,"THIRUVALLUR, Tamil Nadu"
602,"BALODA BAZAR, CHHATTISGARH"
603,"BILASPUR, Chhattisgarh"
604,"PURI, Odisha"
605,"HOWRAH, WEST BENGAL"
606,"JALPAIGURI, WEST BENGAL"
607,"CHATRA, Jharkhand"
608,"KATIHAR, BIHAR"
609,"PUDUCHERRY, Puducherry"
610,"ADILABAD, Andhra Pradesh"
611,"BETTIAH, BIHAR"
612,"GUNTUR URBAN, Andhra Pradesh"
613,"ANJAW, ARUNACHAL PRADESH"
614,"KODAGU, Karnataka"
615,"DUNGARPUR, Rajasthan"
616,"SARAIKELA, JHARKHAND"
617,"G.R.P, Punjab"
618,"BATALA, Punjab"
619,"SIVAGANGAI, Tamil Nadu"
620,"D and N HAVELI, D & N HAVELI"
621,"CHAMOLI, UTTARAKHAND"
622,"JODHPUR RURAL, Rajasthan"
623,"JHALAWAR, RAJASTHAN"
624,"CHITTOOR, Andhra Pradesh"
625,"NORTH-WEST, Delhi UT"
626,"UTTAR KANNADA, Karnataka"
627,"MAHOBA, Uttar Pradesh"
628,"BILASPUR, HIMACHAL PRADESH"
629,"KAITHAL, HARYANA"
630,"PILIBHIT, UTTAR PRADESH"
631,"C.I.D., ASSAM"
632,"PALWAL, HARYANA"
633,"BELLARY, Karnataka"
634,"CACHAR, ASSAM"
635,"GAYA, BIHAR"
636,"PATNA RLY., Bihar"
637,"NASIK RURAL, MAHARASHTRA"
638,"DEWAS, MADHYA PRADESH"
639,"UDHAMPUR, Jammu & Kashmir"
640,"BALASORE, ODISHA"
641,"CYBERABAD, ANDHRA PRADESH"
642,"JIND, Haryana"
643,"JHARSUGUDA, ODISHA"
644,"VIZIANAGARAM, Andhra Pradesh"
645,"G.R.P, PUNJAB"
646,"NAWADAH, Bihar"
647,"NIZAMABAD, Andhra Pradesh"
648,"SIPAHIJALA, TRIPURA"
649,"GRP, Haryana"
650,"DHANBAD RLY., Jharkhand"
651,"IMPHAL WEST, Manipur"
652,"HOSHIARPUR, PUNJAB"
653,"HAZARIBAGH, Jharkhand"
654,"UMARIYA, Madhya Pradesh"
655,"SOUTH WEST, DELHI UT"
656,"SECUNDERABAD RLY., Andhra Pradesh"
657,"MADHUBANI, Bihar"
658,"KHASI HILLS SOUTH W., Meghalaya"
659,"CRIME SRINAGAR, JAMMU & KASHMIR"
660,"MUZAFFARPUR RLY., Bihar"
661,"PURULIA, West Bengal"
662,"HOWRAH G.R.P., West Bengal"
663,"NARSINGHPUR, MADHYA PRADESH"
664,"CHIRANG, ASSAM"
665,"SEALDAH G.R.P., WEST BENGAL"
666,"KRISHNAGIRI, TAMIL NADU"
667,"BAGAHA, BIHAR"
668,"PUDUKOTTAI, Tamil Nadu"
669,"KURNOOL, ANDHRA PRADESH"
670,"CHANGLANG, Arunachal Pradesh"
671,"BARABANKI, UTTAR PRADESH"
672,"RURAL, Arunachal Pradesh"
673,"GURGAON, HARYANA"
674,"BHILWARA, RAJASTHAN"
675,"NAYAGARH, Odisha"
676,"PAPUM PARE, ARUNACHAL PRADESH"
677,"JAIPUR SOUTH, Rajasthan"
678,"KHOWAI, Tripura"
679,"GADAG, KARNATAKA"
680,"KOTA CITY, Rajasthan"
681,"ALIRAJPUR, MADHYA PRADESH"
682,"PAURI GARHWAL, Uttarakhand"
683,"MON, Nagaland"
684,"DAKSHIN DINAJPUR, West Bengal"
685,"SAWAI MADHOPUR, Rajasthan"
686,"GODDA, JHARKHAND"
687,"JHARSUGUDA, Odisha"
688,"CHITRADURGA, KARNATAKA"
689,"WARDHA, MAHARASHTRA"
690,"BARPETA, ASSAM"
691,"SONIPAT, HARYANA"
692,"BARMER, RAJASTHAN"
693,"RAIBAREILLY, Uttar Pradesh"
694,"ETAWAH, Uttar Pradesh"
695,"MADURAI RURAL, Tamil Nadu"
696,"THIRUVANNAMALAI, Tamil Nadu"
697,"DHUBRI, Assam"
698,"BOUDH, ODISHA"
699,"ASANSOL, WEST BENGAL"
700,"KOLHAPUR, MAHARASHTRA"
701,"MEERUT, UTTAR PRADESH"
702,"NAGPUR RLY., Maharashtra"
703,"OSMANABAD, MAHARASHTRA"
704,"RAJSAMAND, Rajasthan"
705,"ALMORA, Uttarakhand"
706,"KARGIL, JAMMU & KASHMIR"
707,"HAMREN, Assam"
708,"JAINTIA HILLS WEST, Meghalaya"
709,"NAGAON, ASSAM"
710,"GARO HILLS EAST, Meghalaya"
711,"MALKANGIR, ODISHA"
712,"AMRITSAR RURAL, Punjab"
713,"PALAKKAD, Kerala"
714,"CHURACHANDPUR, MANIPUR"
715,"JHAJJAR, HARYANA"
716,"HARDA, MADHYA PRADESH"
717,"PEREN, Nagaland"
718,"KOLAR, KARNATAKA"
719,"BARAGARH, Odisha"
720,"JAGDALPUR, Chhattisgarh"
721,"PAKUR, Jharkhand"
722,"HAILAKANDI, Assam"
723,"JALPAIGURI, West Bengal"
724,"JAINTIA HILLS EAST, Meghalaya"
725,"TAMENGLONG, MANIPUR"
726,"PURULIA, WEST BENGAL"
727,"SAHEBGANJ, JHARKHAND"
728,"KHANNA, PUNJAB"
729,"JUNAGADH, Gujarat"
730,"BIRBHUM, West Bengal"
731,"PONDICHERRY, PUDUCHERRY"
732,"ROHTAK, Haryana"
733,"SIWAN, BIHAR"
734,"CHENNAI RLY., TAMIL NADU"
735,"ALIGARH, Uttar Pradesh"
736,"MUNGELI, Chhattisgarh"
737,"THIRUVARUR, TAMIL NADU"
738,"AZAMGARH, UTTAR PRADESH"
739,"DHARWAD RURAL, KARNATAKA"
740,"HOSHANGABAD, Madhya Pradesh"
741,"G.R.P.(RLY), DELHI UT"
742,"DODA, JAMMU & KASHMIR"
743,"SONITPUR, Assam"
744,"ERODE, TAMIL NADU"
745,"JAMTARA, Jharkhand"
746,"PITHORAGARH, Uttarakhand"
747,"RAMNATHAPURAM, Tamil Nadu"
748,"UJJAIN, Madhya Pradesh"
749,"TIKAMGARH, MADHYA PRADESH"
750,"MAJITHA, PUNJAB"
751,"G.R.P. AJMER, RAJASTHAN"
752,"SOUTH-WEST, Delhi UT"
753,"W.RLY, GUJARAT"
754,"BHADRAK, Odisha"
755,"NALANDA, BIHAR"
756,"HAILAKANDI, ASSAM"
757,"KRISHNAGIRI, Tamil Nadu"
758,"COIMBATORE RURAL, Tamil Nadu"
759,"NORTH, A&N Islands"
760,"GONDA, UTTAR PRADESH"
761,"BHAVNAGAR, GUJARAT"
762,"JAIPUR EAST, Rajasthan"
763,"I&P HARYANA, Haryana"
764,"GAUTAMBUDH NAGAR, UTTAR PRADESH"
765,"SITAPUR, Uttar Pradesh"
766,"PUNE RLY., MAHARASHTRA"
767,"KARBI ANGLONG, Assam"
768,"JALORE, RAJASTHAN"
769,"SHIMLA, HIMACHAL PRADESH"
770,"PAURI GARHWAL, UTTARAKHAND"
771,"HOWRAH CITY, WEST BENGAL"
772,"WAYANADU, Kerala"
773,"PRATAPGARH, RAJASTHAN"
774,"BHIWANI, Haryana"
775,"PANCHKULA, HARYANA"
776,"SHRAWASTI, UTTAR PRADESH"
777,"KOLLAM, KERALA"
778,"TUENSANG, Nagaland"
779,"JAMSHEDPUR, Jharkhand"
780,"SRIKAKULAM, ANDHRA PRADESH"
781,"MUMBAI RLY., Maharashtra"
782,"AHMEDABAD COMMR., GUJARAT"
783,"BURDWAN, West Bengal"
784,"TIRUPPUR, TAMIL NADU"
785,"ANUPPUR, MADHYA PRADESH"
786,"SITAMARHI, BIHAR"
787,"SIBSAGAR, ASSAM"
788,"KATIHAR RLY., Bihar"
789,"NALGONDA, Andhra Pradesh"
790,"CHHINDWARA, Madhya Pradesh"
791,"JODHPUR RURAL, RAJASTHAN"
792,"MANDLA, Madhya Pradesh"
793,"SIROHI, Rajasthan"
794,"HASSAN, KARNATAKA"
795,"UPPER DIBANG VALLEY, ARUNACHAL PRADESH"
796,"KEONJHAR, Odisha"
797,"JALNA, MAHARASHTRA"
798,"SUKMA, CHHATTISGARH"
799,"BUXAR, Bihar"
800,"RAMANAGAR, Karnataka"
801,"KHARGON, MADHYA PRADESH"
802,"HOSHIARPUR, Punjab"
803,"JAIPUR RURAL, RAJASTHAN"
804,"MAHASAMUND, CHHATTISGARH"
805,"RUDRA PRAYAG, UTTARAKHAND"
806,"SOLAN, Himachal Pradesh"
807,"CRIME JAMMU, JAMMU & KASHMIR"
808,"ALIGARH, UTTAR PRADESH"
809,"JHANSI, UTTAR PRADESH"
810,"SERCHHIP, Mizoram"
811,"GARO HILLS SOUTH, MEGHALAYA"
812,"HISSAR, Haryana"
813,"DAMAN, Daman & Diu"
814,"KANDHAMAL, ODISHA"
815,"MANSA, PUNJAB"
816,"BHIND, Madhya Pradesh"
817,"JUNAGADH, GUJARAT"
818,"SIBSAGAR, Assam"
819,"GRP(RLY), DELHI UT"
820,"NAYAGARH, ODISHA"
821,"AMBALA RURAL, HARYANA"
822,"SPL NARCOTIC, Mizoram"
823,"VARANASI, Uttar Pradesh"
824,"PATHANAMTHITTA, Kerala"
825,"UDAIPUR, Rajasthan"
826,"MUMBAI, MAHARASHTRA"
827,"PURNEA, Bihar"
828,"24 PARGANAS NORTH, West Bengal"
829,"OSMANABAD, Maharashtra"
830,"TRAFFIC PS, Mizoram"
831,"CID, Manipur"
832,"PITHORAGARH, UTTARAKHAND"
833,"LALITPUR, Uttar Pradesh"
834,"BANKURA, West Bengal"
835,"BEMETARA, Chhattisgarh"
836,"YAMUNANAGAR, Haryana"
837,"HANUMANGARH, RAJASTHAN"
838,"THOOTHUGUDI, Tamil Nadu"
839,"KODERMA, JHARKHAND"
840,"GUWAHATI CITY, Assam"
841,"HAMREN, ASSAM"
842,"KARGIL, Jammu & Kashmir"
843,"MON, NAGALAND"
844,"K/KUMEY, ARUNACHAL PRADESH"
845,"SURAT COMMR., Gujarat"
846,"KAUSHAMBI, Uttar Pradesh"
847,"KHURDA, Odisha"
848,"JODHPUR WEST, Rajasthan"
849,"KOHIMA, Nagaland"
850,"HARDA, Madhya Pradesh"
851,"SIPAHIJALA, Tripura"
852,"TAWANG, Arunachal Pradesh"
853,"JORHAT, ASSAM"
854,"PUDUKOTTAI, TAMIL NADU"
855,"JHABUA, Madhya Pradesh"
856,"ETAH, Uttar Pradesh"
857,"BARNALA, Punjab"
858,"KHUNTI, JHARKHAND"
859,"VARANASI, UTTAR PRADESH"
860,"AMRAVATI RURAL, MAHARASHTRA"
861,"VALSAD, GUJARAT"
862,"NORTH-WEST, DELHI UT"
863,"RANGA REDDY, ANDHRA PRADESH"
864,"GUMLA, Jharkhand"
865,"RAIPUR, CHHATTISGARH"
866,"BARABANKI, Uttar Pradesh"
867,"THIRUVANNAMALAI, TAMIL NADU"
868,"JAIPUR NORTH, Rajasthan"
869,"RAISEN, Madhya Pradesh"
870,"DEOGARH, ODISHA"
871,"SINGRAULI, MADHYA PRADESH"
872,"N.C.HILLS, ASSAM"
873,"DHENKANAL, ODISHA"
874,"COOCHBEHAR, West Bengal"
875,"MALAPPURAM, KERALA"
876,"JAMMU, Jammu & Kashmir"
877,"IDUKKI, KERALA"
878,"PUNE COMMR., MAHARASHTRA"
879,"RAJNANDGAON, Chhattisgarh"
880,"NAMAKKAL, Tamil Nadu"
881,"KODAGU, KARNATAKA"
882,"NANDED, Maharashtra"
883,"NAVI MUMBAI, Maharashtra"
884,"PATHANKOT, Punjab"
885,"SEONI, MADHYA PRADESH"
886,"BERHAMPUR, Odisha"
887,"HATHRAS, Uttar Pradesh"
888,"TRICHY RLY., TAMIL NADU"
889,"KIPHIRE, Nagaland"
890,"JAGATSINGHPUR, Odisha"
891,"BAREILLY, Uttar Pradesh"
892,"CHANDOLI, Uttar Pradesh"
893,"CHICKMAGALUR, Karnataka"
894,"BHABHUA, Bihar"
895,"CAR, A&N Islands"
896,"BISHNUPUR, Manipur"
897,"KULLU, HIMACHAL PRADESH"
898,"AHWA-DANG, Gujarat"
899,"DHOLPUR, Rajasthan"
900,"CHATRA, JHARKHAND"
901,"CUDDAPAH, ANDHRA PRADESH"
902,"MORENA, MADHYA PRADESH"
903,"CENTRAL, DELHI UT"
904,"KOPPAL, KARNATAKA"
905,"ERNAKULAM RURAL, KERALA"
906,"PHEK, NAGALAND"
907,"KUTCH (WEST-BHUJ), Gujarat"
908,"MUNGELI, CHHATTISGARH"
909,"ARARIA, BIHAR"
910,"DHARWAD COMMR., KARNATAKA"
911,"KOKRAJHAR, ASSAM"
912,"CHANDEL, MANIPUR"
913,"LUNGLEI, MIZORAM"
914,"MUKTSAR, Punjab"
915,"JAJPUR, ODISHA"
916,"KABIRDHAM, CHHATTISGARH"
917,"UTTAR DINAJPUR, WEST BENGAL"
918,"KOLASIB, Mizoram"
919,"JHANSI, Uttar Pradesh"
920,"CHHATARPUR, MADHYA PRADESH"
921,"BADAUN, UTTAR PRADESH"
922,"PUNE RURAL, Maharashtra"
923,"JAMNAGAR, GUJARAT"
924,"MEHSANA, GUJARAT"
925,"DAVANAGERE, KARNATAKA"
926,"MIRZAPUR, UTTAR PRADESH"
927,"KARAIKAL, PUDUCHERRY"
928,"HARIDWAR, UTTARAKHAND"
929,"JODHPUR EAST, RAJASTHAN"
930,"BARAGARH, ODISHA"
931,"WOKHA, Nagaland"
932,"RAJGARH, Madhya Pradesh"
933,"LUDHIANA, PUNJAB"
934,"EAST, SIKKIM"
935,"SHAHJAHANPUR, UTTAR PRADESH"
936,"BARMER, Rajasthan"
937,"C.I.D., Assam"
938,"KANYAKUMARI, TAMIL NADU"
939,"CUTTACK, ODISHA"
940,"ERODE, Tamil Nadu"
941,"PATNA, Bihar"
942,"GRP, HARYANA"
943,"SAHARANPUR, UTTAR PRADESH"
944,"KALAHANDI, ODISHA"
945,"DEOGHAR, JHARKHAND"
946,"SAWAI MADHOPUR, RAJASTHAN"
947,"CUDDAPAH, Andhra Pradesh"
948,"BOKARO, JHARKHAND"
949,"SUKMA, Chhattisgarh"
950,"PUNE RLY., Maharashtra"
951,"DARJEELING, West Bengal"
952,"GADAG, Karnataka"
953,"PURAB MIDNAPUR, WEST BENGAL"
954,"TIRUPPUR, Tamil Nadu"
955,"TRIVANDRUM COMMR., Kerala"
956,"RAMBAN, JAMMU & KASHMIR"
957,"FARIDABAD, HARYANA"
958,"GURDASPUR, PUNJAB"
959,"SURAJPUR, CHHATTISGARH"
960,"ETAWAH, UTTAR PRADESH"
961,"ARIYALUR, Tamil Nadu"
962,"JAMUI, BIHAR"
963,"YADGIRI, Karnataka"
964,"MALDA, WEST BENGAL"
965,"SAMBA, JAMMU & KASHMIR"
966,"JODHPUR WEST, RAJASTHAN"
967,"HAMIRPUR, HIMACHAL PRADESH"
968,"SBS NAGAR, Punjab"
969,"NARAYANPUR, Chhattisgarh"
970,"KOPPAL, Karnataka"
971,"GAYA, Bihar"
972,"SOUTH-EAST, DELHI UT"
973,"PUNE COMMR., Maharashtra"
974,"THOOTHUGUDI, TAMIL NADU"
975,"PORBANDAR, Gujarat"
976,"DARRANG, ASSAM"
977,"SAMBHAL, Uttar Pradesh"
978,"KARNAL, Haryana"
979,"KULGAM, JAMMU & KASHMIR"
980,"GRP RAIPUR, Chhattisgarh"
981,"RAJOURI, JAMMU & KASHMIR"
982,"THIRUVARUR, Tamil Nadu"
983,"KORBA, Chhattisgarh"
984,"BANGALORE COMMR., KARNATAKA"
985,"PUNE RURAL, MAHARASHTRA"
986,"SONITPUR, ASSAM"
987,"MIRZAPUR, Uttar Pradesh"
988,"KINNAUR, HIMACHAL PRADESH"
989,"FARIDKOT, Punjab"
990,"PASCHIM MIDNAPUR, WEST BENGAL"
991,"KUPWARA, Jammu & Kashmir"
992,"KRISHNA, Andhra Pradesh"
993,"EAST, Delhi UT"
994,"SAGAR, MADHYA PRADESH"
995,"SIANG UPPER, ARUNACHAL PRADESH"
996,"BASTI, Uttar Pradesh"
997,"KARAIKAL, Puducherry"
998,"GARO HILLS WEST, Meghalaya"
999,"VIZIANAGARAM, ANDHRA PRADESH"
1000,"PATAN, Gujarat"
1001,"RI-BHOI, Meghalaya"
1002,"ERNAKULAM RURAL, Kerala"
1003,"SHIMOGA, Karnataka"
1004,"THOUBAL, MANIPUR"
1005,"NAINITAL, Uttarakhand"
1006,"MUMBAI COMMR., MAHARASHTRA"
1007,"MANDSAUR, Madhya Pradesh"
1008,"KOLLAM COMMR., KERALA"
1009,"LAKHISARAI, BIHAR"
1010,"R.P.O., Assam"
1011,"PERAMBALUR, Tamil Nadu"
1012,"AMRAVATI COMMR., MAHARASHTRA"
1013,"SIVAGANGAI, TAMIL NADU"
1014,"KOHIMA, NAGALAND"
1015,"G.R.P., HIMACHAL PRADESH"
1016,"NORTH, TRIPURA"
1017,"SIROHI, RAJASTHAN"
1018,"VILLUPURAM, Tamil Nadu"
1019,"SOLAN, HIMACHAL PRADESH"
1020,"JALANDHAR, PUNJAB"
1021,"EAST, Sikkim"
1022,"CHAIBASA, JHARKHAND"
1023,"CRIME KASHMIR, JAMMU & KASHMIR"
1024,"SRP(CUTTACK), ODISHA"
1025,"NORTH GOA, GOA"
1026,"KANPUR DEHAT, UTTAR PRADESH"
1027,"HOSHANGABAD, MADHYA PRADESH"
1028,"KULGAM, Jammu & Kashmir"
1029,"KISHTWAR, Jammu & Kashmir"
1030,"NAVSARI, Gujarat"
1031,"SHIVPURI, MADHYA PRADESH"
1032,"MYSORE COMMR., Karnataka"
1033,"TINSUKIA, ASSAM"
1034,"CHANDRAPUR, Maharashtra"
1035,"RATNAGIRI, MAHARASHTRA"
1036,"ANDAMAN, A & N ISLANDS"
1037,"BURHANPUR, MADHYA PRADESH"
1038,"CRIME SRINAGAR, Jammu & Kashmir"
1039,"SATARA, MAHARASHTRA"
1040,"BELGAUM, Karnataka"
1041,"GHAZIABAD, Uttar Pradesh"
1042,"BHADRAK, ODISHA"
1043,"SUNDARGARH, Odisha"
1044,"MANSA, Punjab"
1045,"PATIALA, Punjab"
1046,"GUNTUR URBAN, ANDHRA PRADESH"
1047,"KHEDA NORTH, GUJARAT"
1048,"THRISSUR COMMR., Kerala"
1049,"EAST GODAVARI, Andhra Pradesh"
1050,"MAHARAJGANJ, Uttar Pradesh"
1051,"PANCHMAHAL, Gujarat"
1052,"KUTCH (EAST(G)), Gujarat"
1053,"LEH, Jammu & Kashmir"
1054,"EAST GODAVARI, ANDHRA PRADESH"
1055,"CP JALANDHAR, PUNJAB"
1056,"LAKSHADWEEP, Lakshadweep"
1057,"HARDOI, Uttar Pradesh"
1058,"LATUR, Maharashtra"
1059,"EOW, Delhi UT"
1060,"POONCH, JAMMU & KASHMIR"
1061,"WEST, TRIPURA"
1062,"G.R.P.JODHPUR, RAJASTHAN"
1063,"KOZHIKODE COMMR., KERALA"
1064,"BHAGALPUR, BIHAR"
1065,"DURG, CHHATTISGARH"
1066,"AKOLA, MAHARASHTRA"
1067,"NORTH, DELHI UT"
1068,"KORAPUT, Odisha"
1069,"GOLAGHAT, ASSAM"
1070,"NIZAMABAD, ANDHRA PRADESH"
1071,"VIJAYAWADA RLY., Andhra Pradesh"
1072,"CENTRAL, Delhi UT"
1073,"CHITTOOR, ANDHRA PRADESH"
1074,"VISAKHAPATNAM, Andhra Pradesh"
1075,"KANNAUJ, UTTAR PRADESH"
1076,"K.G.F., Karnataka"
1077,"GARIYABAND, Chhattisgarh"
1078,"JHARGRAM, West Bengal"
1079,"KARAULI, RAJASTHAN"
1080,"ALLAHABAD, Uttar Pradesh"
1081,"DARJEELING, WEST BENGAL"
1082,"YADGIRI, KARNATAKA"
1083,"KATNI, MADHYA PRADESH"
1084,"BANGALORE RURAL, Karnataka"
1085,"BHIWANI, HARYANA"
1086,"24 PARGANAS SOUTH, West Bengal"
1087,"NAINITAL, UTTARAKHAND"
1088,"SAIHA, Mizoram"
1089,"THENI, TAMIL NADU"
1090,"AMBALA RURAL, Haryana"
1091,"VIJAYAWADA CITY, ANDHRA PRADESH"
1092,"RAYAGADA, ODISHA"
1093,"PANNA, MADHYA PRADESH"
1094,"SAHARANPUR, Uttar Pradesh"
1095,"SIRSA, Haryana"
1096,"ZUNHEBOTO, NAGALAND"
1097,"JAISALMER, Rajasthan"
1098,"SULTANPUR, UTTAR PRADESH"
1099,"ANUPPUR, Madhya Pradesh"
1100,"JAIPUR WEST, RAJASTHAN"
1101,"AURANGABAD RURAL, Maharashtra"
1102,"KANYAKUMARI, Tamil Nadu"
1103,"COIMBATORE URBAN, TAMIL NADU"
1104,"MADHEPURA, BIHAR"
1105,"ALAPUZHA, Kerala"
1106,"KOLAR, Karnataka"
1107,"MOTIHARI, BIHAR"
1108,"SIRSA, HARYANA"
1109,"TRICHY RURAL, Tamil Nadu"
1110,"BADDIPOLICEDIST, HIMACHAL PRADESH"
1111,"BUNDI, Rajasthan"
1112,"SIHORE, MADHYA PRADESH"
1113,"SOUTH-WEST, DELHI UT"
1114,"KOTTAYAM, KERALA"
1115,"HIMATNAGAR, Gujarat"
1116,"OUTER, Delhi UT"
1117,"JAMUI, Bihar"
1118,"MANGALORE CITY, KARNATAKA"
1119,"PATHANKOT, PUNJAB"
1120,"G.R.P., ASSAM"
1121,"ALAPUZHA, KERALA"
1122,"KATIHAR RLY., BIHAR"
1123,"AKOLA, Maharashtra"
1124,"KASARGOD, KERALA"
1125,"NARSINGHPUR, Madhya Pradesh"
1126,"BHABHUA, BIHAR"
1127,"MANGALORE CITY, Karnataka"
1128,"KAITHAL, Haryana"
1129,"GHAZIABAD, UTTAR PRADESH"
1130,"JAMSHEDPUR RLY., Jharkhand"
1131,"NARAYANPUR, CHHATTISGARH"
1132,"PATHANAMTHITTA, KERALA"
1133,"VELLORE, Tamil Nadu"
1134,"THANE COMMR., Maharashtra"
1135,"SILIGURI G.R.P., West Bengal"
1136,"GAUTAMBUDH NAGAR, Uttar Pradesh"
1137,"BUNDI, RAJASTHAN"
1138,"SRINAGAR, Jammu & Kashmir"
1139,"CAW, Delhi UT"
1140,"TIRUPATHI URBAN, Andhra Pradesh"
1141,"GONDIA, Maharashtra"
1142,"UDALGURI, Assam"
1143,"MANDI, Himachal Pradesh"
1144,"BHARATPUR, RAJASTHAN"
1145,"HARDOI, UTTAR PRADESH"
1146,"MYSORE RURAL, Karnataka"
1147,"PULWAMA, Jammu & Kashmir"
1148,"THIRUNELVELI URBAN, Tamil Nadu"
1149,"KATHUA, Jammu & Kashmir"
1150,"BIRBHUM, WEST BENGAL"
1151,"KUTCH (WEST-BHUJ), GUJARAT"
1152,"RAJGARH, MADHYA PRADESH"
1153,"SIHORE, Madhya Pradesh"
1154,"DUMKA, Jharkhand"
1155,"NASIK COMMR., Maharashtra"
1156,"RAILWAYS, Karnataka"
1157,"AHMEDNAGAR, MAHARASHTRA"
1158,"RAJKOT RURAL, GUJARAT"
1159,"ERNAKULAM COMMR., KERALA"
1160,"IMPHAL WEST, MANIPUR"
1161,"AMETHI, Uttar Pradesh"
1162,"INDORE, MADHYA PRADESH"
1163,"HANDWARA, JAMMU & KASHMIR"
1164,"JAINTIA HILLS, MEGHALAYA"
1165,"GHAZIPUR, Uttar Pradesh"
1166,"MUMBAI COMMR., Maharashtra"
1167,"KHURDA, ODISHA"
1168,"CHAMPAWAT, Uttarakhand"
1169,"DHANBAD, JHARKHAND"
1170,"CHANDIGARH, Chandigarh"
1171,"DANTEWARA, CHHATTISGARH"
1172,"GAJAPATI, Odisha"
1173,"CHAIBASA, Jharkhand"
1174,"BORDER, JAMMU & KASHMIR"
1175,"LUDHIANA RURAL, Punjab"
1176,"KAMENG EAST, Arunachal Pradesh"
1177,"BHAVNAGAR, Gujarat"
1178,"KORBA, CHHATTISGARH"
1179,"BULDHANA, MAHARASHTRA"
1180,"DHARWAD RURAL, Karnataka"
1181,"KHASI HILLS EAST, MEGHALAYA"
1182,"MAINPURI, UTTAR PRADESH"
1183,"TRIVANDRUM COMMR., KERALA"
1184,"MAMIT, Mizoram"
1185,"CHITRAKOOT DHAM, UTTAR PRADESH"
1186,"JHARGRAM, WEST BENGAL"
1187,"BATALA, PUNJAB"
1188,"SHEOHAR, BIHAR"
1189,"YAVATMAL, MAHARASHTRA"
1190,"MAHENDRAGARH, Haryana"
1191,"NAGAON, Assam"
1192,"CHAMBA, Himachal Pradesh"
1193,"WEST GODAVARI, ANDHRA PRADESH"
1194,"UDAIPUR, RAJASTHAN"
1195,"WEST, DELHI UT"
1196,"G.R.P.AJMER, Rajasthan"
1197,"CHAMPHAI, Mizoram"
1198,"KARIMGANJ, ASSAM"
1199,"KAMENG WEST, Arunachal Pradesh"
1200,"AMBALA URBAN, HARYANA"
1201,"VELLORE, TAMIL NADU"
1202,"MOKOKCHUNG, Nagaland"
1203,"SHAHDOL, Madhya Pradesh"
1204,"GRP(RLY), Delhi UT"
1205,"SARGUJA, Chhattisgarh"
1206,"CHENNAI, TAMIL NADU"
1207,"KHOWAI, TRIPURA"
1208,"MORENA, Madhya Pradesh"
1209,"DHAMTARI, CHHATTISGARH"
1210,"BISHNUPUR, MANIPUR"
1211,"MALDA, West Bengal"
1212,"DINDIGUL, Tamil Nadu"
1213,"KANCHIPURAM, TAMIL NADU"
1214,"NASIK RURAL, Maharashtra"
1215,"MAHARAJGANJ, UTTAR PRADESH"
1216,"LAKHIMPUR, ASSAM"
1217,"SOUTH, Tripura"
1218,"SITAPUR, UTTAR PRADESH"
1219,"TRICHY RLY., Tamil Nadu"
1220,"SALEM RURAL, TAMIL NADU"
1221,"KARUR, Tamil Nadu"
1222,"UNNAO, Uttar Pradesh"
1223,"UNAKOTI, Tripura"
1224,"AURANGABAD COMMR., Maharashtra"
1225,"MURSHIDABAD, West Bengal"
1226,"KORAPUT, ODISHA"
1227,"AMRAVATI COMMR., Maharashtra"
1228,"PALAKKAD, KERALA"
1229,"ERNAKULAM COMMR., Kerala"
1230,"JAIPUR RURAL, Rajasthan"
1231,"JAISALMER, RAJASTHAN"
1232,"WARANGAL URBAN, Andhra Pradesh"
1233,"REWA, MADHYA PRADESH"
1234,"ANGUL, ODISHA"
1235,"HINGOLI, MAHARASHTRA"
1236,"BARPETA, Assam"
1237,"GARO HILLS SOUTH, Meghalaya"
1238,"MANDI, HIMACHAL PRADESH"
1239,"WARANGAL, Andhra Pradesh"
1240,"BAKSA, Assam"
1241,"AWANTIPORA, JAMMU & KASHMIR"
1242,"NAGPUR COMMR., MAHARASHTRA"
1243,"NORTH GOA, Goa"
1244,"ANANTAPUR, ANDHRA PRADESH"
1245,"KIPHIRE, NAGALAND"
1246,"IMPHAL EAST, MANIPUR"
1247,"BALRAMPUR, Chhattisgarh"
1248,"RAMABAI NAGAR, UTTAR PRADESH"
1249,"AURANGABAD, Bihar"
1250,"KOTA, RAJASTHAN"
1251,"KANNUR, KERALA"
1252,"DEORIA, Uttar Pradesh"
1253,"FATEHGARH SAHIB, Punjab"
1254,"KHAGARIA, BIHAR"
1255,"PALANPUR, Gujarat"
1256,"NEEMUCH, Madhya Pradesh"
1257,"KISHANGANJ, Bihar"
1258,"G.R.P., RAJASTHAN"
1259,"NOWRANGPUR, ODISHA"
1260,"AMRELI, Gujarat"
1261,"BULANDSHAHAR, Uttar Pradesh"
1262,"NORTH, Tripura"
1263,"JALAUN, UTTAR PRADESH"
1264,"TINSUKIA, Assam"
1265,"GORAKHPUR, Uttar Pradesh"
1266,"SARGUJA, CHHATTISGARH"
1267,"GANGANAGAR, RAJASTHAN"
1268,"DINDORI, MADHYA PRADESH"
1269,"FEROZPUR, Punjab"
1270,"BHOJPUR, Bihar"
1271,"KOKRAJHAR, Assam"
1272,"BIEO, Assam"
1273,"RAJKOT COMMR., Gujarat"
1274,"AHMEDABAD RURAL, Gujarat"
1275,"GANDERBAL, JAMMU & KASHMIR"
1276,"INDORE RLY., Madhya Pradesh"
1277,"UJJAIN, MADHYA PRADESH"
1278,"SURAT RURAL, Gujarat"
1279,"WEST, SIKKIM"
1280,"ANANTNAG, Jammu & Kashmir"
1281,"VISAKHA RURAL, ANDHRA PRADESH"
1282,"KOLLAM RURAL, KERALA"
1283,"SIRMAUR, Himachal Pradesh"
1284,"JALGAON, Maharashtra"
1285,"CHITTORGARH, Rajasthan"
1286,"HATHRAS, UTTAR PRADESH"
1287,"CRIME BRANCH, Delhi UT"
1288,"BAGAHA, Bihar"
1289,"SHEIKHPURA, Bihar"
1290,"DARBHANGA, Bihar"
1291,"DHAR, Madhya Pradesh"
1292,"BEMETARA, CHHATTISGARH"
1293,"JANJGIR, Chhattisgarh"
1294,"BELGAUM, KARNATAKA"
1295,"RAILWAYS JAMMU, JAMMU & KASHMIR"
1296,"I.G.I. AIRPORT, DELHI UT"
1297,"LEH, JAMMU & KASHMIR"
1298,"LUCKNOW, UTTAR PRADESH"
1299,"FAIZABAD, UTTAR PRADESH"
1300,"KASARGOD, Kerala"
1301,"TIRUPATHI URBAN, ANDHRA PRADESH"
1302,"SILIGURI_PC, WEST BENGAL"
1303,"CBCID, KERALA"
1304,"NASIK COMMR., MAHARASHTRA"
1305,"GANDERBAL, Jammu & Kashmir"
1306,"KATNI, Madhya Pradesh"
1307,"KOTA RURAL, Rajasthan"
1308,"VADODARA COMMR., GUJARAT"
1309,"SRIKAKULAM, Andhra Pradesh"
1310,"PANCHSHIL NAGAR, UTTAR PRADESH"
1311,"DATIYA, MADHYA PRADESH"
1312,"REASI, Jammu & Kashmir"
1313,"UDHAMPUR, JAMMU & KASHMIR"
1314,"JAMSHEDPUR, JHARKHAND"
1315,"PANIPAT, Haryana"
1316,"AMRITSAR, PUNJAB"
1317,"SARAN, Bihar"
1318,"BHOJPUR, BIHAR"
1319,"KHEDA NORTH, Gujarat"
1320,"UDHAMSINGH NAGAR, Uttarakhand"
1321,"COIMBATORE URBAN, Tamil Nadu"
1322,"AMRAVATI RURAL, Maharashtra"
1323,"HOOGHLY, West Bengal"
1324,"FATEHGARH SAHIB, PUNJAB"
1325,"CHENNAI RLY., Tamil Nadu"
1326,"SURAJPUR, Chhattisgarh"
1327,"HOOGHLY, WEST BENGAL"
1328,"RAILWAYS, Kerala"
1329,"DIMAPUR, Nagaland"
1330,"NAGPUR RURAL, Maharashtra"
1331,"AGRA, Uttar Pradesh"
1332,"KURNOOL, Andhra Pradesh"
1333,"BOUDH, Odisha"
1334,"SAMBA, Jammu & Kashmir"
1335,"GRP, TRIPURA"
1336,"HASSAN, Karnataka"
1337,"RI-BHOI, MEGHALAYA"
1338,"VADODARA COMMR., Gujarat"
1339,"KHAMMAM, Andhra Pradesh"
1340,"JODHPUR, RAJASTHAN"
1341,"BARAMULLA, Jammu & Kashmir"
1342,"KHAMMAM, ANDHRA PRADESH"
1343,"SONBHADRA, UTTAR PRADESH"
1344,"JABALPUR RLY., MADHYA PRADESH"
1345,"RAICHUR, Karnataka"
1346,"KHUNTI, Jharkhand"
1347,"TEHRI GARHWAL, Uttarakhand"
1348,"K.G.F., KARNATAKA"
1349,"KARIMNAGAR, Andhra Pradesh"
1350,"FEROZPUR, PUNJAB"
1351,"BOKARO, Jharkhand"
1352,"AURANGABAD RURAL, MAHARASHTRA"
1353,"CHANDOLI, UTTAR PRADESH"
1354,"AJMER, RAJASTHAN"
1355,"SONIPAT, Haryana"
1356,"KHASI HILLS WEST, MEGHALAYA"
1357,"AWANTIPORA, Jammu & Kashmir"
1358,"MORIGAON, Assam"
1359,"DODA, Jammu & Kashmir"
1360,"BHOPAL RLY., MADHYA PRADESH"
1361,"THIRUVALLUR, TAMIL NADU"
1362,"SRP(CUTTACK), Odisha"
1363,"PRATAPGARH, UTTAR PRADESH"
1364,"UNA, Himachal Pradesh"
1365,"KAWARDHA, CHHATTISGARH"
1366,"AMBALA, HARYANA"
1367,"GUNTUR, ANDHRA PRADESH"
1368,"HIMATNAGAR, GUJARAT"
1369,"BHANDARA, MAHARASHTRA"
1370,"VIJAYAWADA RLY., ANDHRA PRADESH"
1371,"WAYANADU, KERALA"
1372,"24 PARGANAS SOUTH, WEST BENGAL"
1373,"GODDA, Jharkhand"
1374,"INDORE RLY., MADHYA PRADESH"
1375,"FATEHABAD, Haryana"
1376,"SOUTH, DELHI UT"
1377,"ASHOK NAGAR, Madhya Pradesh"
1378,"DAKSHIN DINAJPUR, WEST BENGAL"
1379,"VILLUPURAM, TAMIL NADU"
1380,"LATEHAR, Jharkhand"
1381,"NELLORE, ANDHRA PRADESH"
1382,"WASHIM, MAHARASHTRA"
1383,"EOW, DELHI UT"
1384,"PHEK, Nagaland"
1385,"DEOGARH, Odisha"
1386,"BANDIPORA, JAMMU & KASHMIR"
1387,"TAPI, Gujarat"
1388,"KAMENG EAST, ARUNACHAL PRADESH"
1389,"TEHRI GARHWAL, UTTARAKHAND"
1390,"BHANDARA, Maharashtra"
1391,"W.RLY VADODARA, Gujarat"
1392,"SAHARSA, Bihar"
1393,"S.T.F., DELHI UT"
1394,"CACHAR, Assam"
1395,"NORTH-EAST, Delhi UT"
1396,"JAGRAON, PUNJAB"
1397,"RAJSAMAND, RAJASTHAN"
1398,"SATARA, Maharashtra"
1399,"RAIGARH, CHHATTISGARH"
1400,"SANGLI, Maharashtra"
1401,"SHOPIAN, Jammu & Kashmir"
1402,"TRICHY URBAN, Tamil Nadu"
1403,"KALAHANDI, Odisha"
1404,"SOLAPUR COMMR., MAHARASHTRA"
1405,"ROHTAS, BIHAR"
1406,"MAYURBHANJ, ODISHA"
1407,"SBS NAGAR, PUNJAB"
1408,"WEST, Sikkim"
1409,"SITAMARHI, Bihar"
1410,"BALLIA, Uttar Pradesh"
1411,"DCP CTC, ODISHA"
1412,"GOALPARA, ASSAM"
1413,"ERNAKULAM, KERALA"
1414,"PAKUR, JHARKHAND"
1415,"BEED, MAHARASHTRA"
1416,"JEHANABAD, BIHAR"
1417,"RAMGARH, Jharkhand"
1418,"SINDHUDURG, MAHARASHTRA"
1419,"KAMENG WEST, ARUNACHAL PRADESH"
1420,"ROURKELA, Odisha"
1421,"UPPER DIBANG VALLEY, Arunachal Pradesh"
1422,"THIRUNELVELI URBAN, TAMIL NADU"
1423,"HANUMANGARH, Rajasthan"
1424,"WARANGAL, ANDHRA PRADESH"
1425,"BADAUN, Uttar Pradesh"
1426,"ARWAL, BIHAR"
1427,"REASI, JAMMU & KASHMIR"
1428,"CHURU, RAJASTHAN"
1429,"GAJAPATI, ODISHA"
1430,"JALAUN, Uttar Pradesh"
1431,"DIU, DAMAN & DIU"
1432,"SURAT RURAL, GUJARAT"
1433,"BALODA BAZAR, Chhattisgarh"
1434,"VAISHALI, BIHAR"
1435,"THANJAVUR, Tamil Nadu"
1436,"KAPURTHALA, PUNJAB"
1437,"NAGAPATTINAM, Tamil Nadu"
1438,"WARDHA, Maharashtra"
1439,"SHIMLA, Himachal Pradesh"
1440,"NALBARI, ASSAM"
1441,"BANDA, UTTAR PRADESH"
1442,"PATNA, BIHAR"
1443,"PALI, Rajasthan"
1444,"NAUGACHIA, Bihar"
1445,"ROPAR, Punjab"
1446,"HINGOLI, Maharashtra"
1447,"VADODARA RURAL, Gujarat"
1448,"RAILWAYS KASHMIR, Jammu & Kashmir"
1449,"KANNUR, Kerala"
1450,"KHASI HILLS WEST, Meghalaya"
1451,"FAIZABAD, Uttar Pradesh"
1452,"W.RLY AHMEDABAD, Gujarat"
1453,"ANAND, GUJARAT"
1454,"SATNA, MADHYA PRADESH"
1455,"JODHPUR EAST, Rajasthan"
1456,"G.R.P. JODHPUR, RAJASTHAN"
1457,"SOUTH GOA, Goa"
1458,"JHALAWAR, Rajasthan"
1459,"LAKHIMPUR, Assam"
1460,"SHAJAPUR, MADHYA PRADESH"
1461,"BANKURA, WEST BENGAL"
1462,"KUTCH (EAST(G)), GUJARAT"
1463,"MAHOBA, UTTAR PRADESH"
1464,"BALRAMPUR, CHHATTISGARH"
1465,"G.R.P., TRIPURA"
1466,"JAUNPUR, UTTAR PRADESH"
1467,"SULTANPUR, Uttar Pradesh"
1468,"DHALAI, Tripura"
1469,"DAUSA, Rajasthan"
1470,"NADIA, West Bengal"
1471,"JAUNPUR, Uttar Pradesh"
1472,"DHULE, Maharashtra"
1473,"JHUNJHUNU, RAJASTHAN"
1474,"NELLORE, Andhra Pradesh"
1475,"KENDRAPARA, Odisha"
1476,"CYBERABAD, Andhra Pradesh"
1477,"AZAMGARH, Uttar Pradesh"
1478,"TIKAMGARH, Madhya Pradesh"
1479,"DHAR, MADHYA PRADESH"
1480,"MEWAT, HARYANA"
1481,"JAIPUR EAST, RAJASTHAN"
1482,"NILGIRIS, Tamil Nadu"
1483,"RAJKOT COMMR., GUJARAT"
1484,"SHRAWASTI, Uttar Pradesh"
1485,"NEEMUCH, MADHYA PRADESH"
1486,"MAYURBHANJ, Odisha"
1487,"AURANGABAD COMMR., MAHARASHTRA"
1488,"PRAKASHAM, ANDHRA PRADESH"
1489,"DEHRADUN, Uttarakhand"
1490,"SIANG WEST, Arunachal Pradesh"
1491,"SUPAUL, Bihar"
1492,"RAILWAYS KASHMIR, JAMMU & KASHMIR"
1493,"THIRUNELVELI RURAL, TAMIL NADU"
1494,"VIJAYAWADA CITY, Andhra Pradesh"
1495,"MAHABOOBNAGAR, Andhra Pradesh"
1496,"KISHTWAR, JAMMU & KASHMIR"
1497,"GOPALGANJ, BIHAR"
1498,"FEROZEPUR, PUNJAB"
1499,"DCP BBSR, Odisha"
1500,"JALGAON, MAHARASHTRA"
1501,"HAMIRPUR, Uttar Pradesh"
1502,"METRO RAIL, Delhi UT"
1503,"BHIM NAGAR, UTTAR PRADESH"
1504,"REWARI, HARYANA"
1505,"GUNTUR, Andhra Pradesh"
1506,"MUNGER, BIHAR"
1507,"BALOD, CHHATTISGARH"
1508,"SIRMAUR, HIMACHAL PRADESH"
1509,"LAKHISARAI, Bihar"
1510,"JAIPUR SOUTH, RAJASTHAN"
1511,"RAILWAYS, KARNATAKA"
1512,"RAJAHMUNDRY, ANDHRA PRADESH"
1513,"AIZAWL, MIZORAM"
1514,"REWA, Madhya Pradesh"
1515,"UDUPI, Karnataka"
1516,"SOUTH, A & N ISLANDS"
1517,"GANDHINAGAR, GUJARAT"
1518,"SINDHUDURG, Maharashtra"
1519,"VILUPPURAM, TAMIL NADU"
1520,"MAU, UTTAR PRADESH"
1521,"CHANDEL, Manipur"
1522,"SALEM URBAN, TAMIL NADU"
1523,"GADCHIROLI, MAHARASHTRA"
1524,"SIMDEGA, JHARKHAND"
1525,"KHARGON, Madhya Pradesh"
1526,"VADODARA RURAL, GUJARAT"
1527,"WEST GODAVARI, Andhra Pradesh"
1528,"NUAPADA, ODISHA"
1529,"NALANDA, Bihar"
1530,"MAMIT, MIZORAM"
1531,"MURSHIDABAD, WEST BENGAL"
1532,"JAMMU, JAMMU & KASHMIR"
1533,"DAMOH, MADHYA PRADESH"
1534,"SAMASTIPUR, Bihar"
1535,"CP LUDHIANA, PUNJAB"
1536,"ROPAR, PUNJAB"
1537,"CP JALANDHAR, Punjab"
1538,"BANKA, BIHAR"
1539,"SAS NGR, Punjab"
1540,"LOHIT, Arunachal Pradesh"
1541,"SOUTH GOA, GOA"
1542,"GOPALGANJ, Bihar"
1543,"SHIMOGA, KARNATAKA"
1544,"AURANGABAD, BIHAR"
1545,"FAZILKA, PUNJAB"
1546,"GUNTAKAL RLY., Andhra Pradesh"
1547,"SONBHADRA, Uttar Pradesh"
1548,"DIMAPUR, NAGALAND"
1549,"KORIYA, Chhattisgarh"
1550,"JODHPUR CITY, RAJASTHAN"
1551,"RAILWAYS KMR, JAMMU & KASHMIR"
1552,"SINGRAULI, Madhya Pradesh"
1553,"KANKER, Chhattisgarh"
1554,"THIRUNELVELI RURAL, Tamil Nadu"
1555,"KUTCH, GUJARAT"
1556,"ARARIA, Bihar"
1557,"THRISSUR COMMR., KERALA"
1558,"DUMKA, JHARKHAND"
1559,"PURAB MIDNAPUR, West Bengal"
1560,"AGRA, UTTAR PRADESH"
1561,"GIRIDIH, Jharkhand"
1562,"ANAND, Gujarat"
1563,"FIROZABAD, UTTAR PRADESH"
1564,"TRIVANDRUM RURAL, KERALA"
1565,"TARN TARAN, Punjab"
1566,"SURENDRANAGAR, Gujarat"
1567,"JAIPUR NORTH, RAJASTHAN"
1568,"DEWAS, Madhya Pradesh"
1569,"BORDER DISTRICT, JAMMU & KASHMIR"
1570,"ALWAR, RAJASTHAN"
1571,"BIZAPUR, Chhattisgarh"
1572,"BETUL, MADHYA PRADESH"
1573,"IMPHAL(WEST), MANIPUR"
1574,"JAMALPUR RLY., BIHAR"
1575,"JALANDHAR RURAL, Punjab"
1576,"DHANBAD RLY., JHARKHAND"
1577,"THANJAVUR, TAMIL NADU"
1578,"SOUTH, TRIPURA"
1579,"SIMDEGA, Jharkhand"
1580,"SATNA, Madhya Pradesh"
1581,"CHAMARAJNAGAR, KARNATAKA"
1582,"MANDYA, KARNATAKA"
1583,"IGI AIRPORT, Delhi UT"
1584,"MUZAFFARPUR, Bihar"
1585,"KANSHIRAM NAGAR, UTTAR PRADESH"
1586,"MATHURA, Uttar Pradesh"
1587,"CID CRIME, Gujarat"
1588,"KANPUR NAGAR, Uttar Pradesh"
1589,"NANDURBAR, MAHARASHTRA"
1590,"FATEHPUR, Uttar Pradesh"
1591,"JHAJJAR, Haryana"
1592,"NORTH, A & N ISLANDS"
1593,"PASCHIM MIDNAPUR, West Bengal"
1594,"KHANDWA, Madhya Pradesh"
1595,"TIRAP, ARUNACHAL PRADESH"
1596,"VISAKHAPATNAM, ANDHRA PRADESH"
1597,"PEREN, NAGALAND"
1598,"SOLAPUR RURAL, MAHARASHTRA"
1599,"ADILABAD, ANDHRA PRADESH"
1600,"RAIGAD, MAHARASHTRA"
1601,"HAMIRPUR, UTTAR PRADESH"
1602,"UKHRUL, MANIPUR"
1603,"FARIDKOT, PUNJAB"
1604,"KASGANJ, Uttar Pradesh"
1605,"PALAMU, Jharkhand"
1606,"YAMUNANAGAR, HARYANA"
1607,"BHATINDA, Punjab"
1608,"BELLARY, KARNATAKA"
1609,"KENDRAPARA, ODISHA"
1610,"KAPURTHALA, Punjab"
1611,"BHATINDA, PUNJAB"
1612,"IGI AIRPORT, DELHI UT"
1613,"HARIDWAR, Uttarakhand"
1614,"PRATAPGARH, Uttar Pradesh"
1615,"JABALPUR RLY., Madhya Pradesh"
